{
  "min_force": 0.5177240371704102,
  "max_force": 4.165796279907227,
  "min_speed": 94.70247650146484,
  "max_speed": 271.8209228515625
}